metric,ave,min,max,sd
part_T,302.183777492,299.999664307,407.415710449,11.4838793813
