metric,ave,min,max,sd
fluid_T,302.936909637,300.0,400.064697266,12.199806212
